"movie_id"	"title"	"user_rating"	"metascore"	"MPAA_rating"	"nudity"	"violence"	"profanity"	"alcohol"	"frightening"
"tt0437086"	"Alita: Battle Angel"	74	53	"Rated PG-13 for sequences of sci-fi violence and action, and for some language"	"None"	"Moderate"	"Mild"	"Mild"	"Moderate"
"tt0448115"	"Shazam!"	71	71	"Rated PG-13 for intense sequences of action, language, and suggestive material"	"None"	"Moderate"	"Mild"	"Mild"	"Moderate"
"tt0451279"	"Wonder Woman"	74	76	"Rated PG-13 for sequences of violence and action, and some suggestive content"	"Mild"	"Moderate"	"Mild"	"Mild"	"Mild"
"tt0460890"	"The Only Living Boy in New York"	63	33	"Rated R for language and some drug material"	"Moderate"	"None"	"Moderate"	"Moderate"	"None"
"tt0491175"	"Suburbicon"	57	42	"Rated R for violence, language and some sexuality"	"Mild"	"Moderate"	"Moderate"	"Mild"	"Moderate"
"tt0491203"	"Tulip Fever"	62	38	"Rated R for sexual content and nudity"	"Severe"	"Mild"	"Mild"	"Mild"	"Mild"
"tt0493405"	"CHIPS"	60	28	"Rated R for crude sexual content, graphic nudity, pervasive language, some violence and drug use."	"Moderate"	"Severe"	"Severe"	"Mild"	"Mild"
"tt0498381"	"Rings"	45	25	"Rated PG-13 for violence/terror, thematic elements, some sexuality and brief drug material"	"Mild"	"Moderate"	"Mild"	"Mild"	"Moderate"
"tt0837563"	"Pet Sematary"	58	57	"Rated R for horror violence, bloody images, and some language"	"Mild"	"Severe"	"Moderate"	"Mild"	"Severe"
"tt0859635"	"Super Troopers 2"	61	41	"Rated R for crude sexual content and language throughout, drug material and some graphic nudity"	"Severe"	"Moderate"	"Severe"	"Moderate"	"Mild"
"tt0974015"	"Justice League"	64	45	"Rated PG-13 for sequences of sci-fi violence and action"	"Mild"	"Moderate"	"Mild"	"Mild"	"Mild"
"tt1025100"	"Gemini Man"	57	38	"Rated PG-13 for violence and action throughout, and brief strong language."	"Mild"	"Moderate"	"Moderate"	"Mild"	"Mild"
"tt1034415"	"Suspiria"	68	64	"Rated R for disturbing content involving ritualistic  violence, bloody images and graphic nudity, an"	"Severe"	"Severe"	"Moderate"	"Mild"	"Severe"
"tt1072748"	"Winchester"	54	28	"Rated PG-13 for violence, disturbing images, drug content, some sexual material and thematic element"	"Mild"	"Mild"	"None"	"Mild"	"Moderate"
"tt1137450"	"Death Wish"	64	31	"Rated R for strong bloody violence, and language throughout"	"Mild"	"Severe"	"Severe"	"Mild"	"Severe"
"tt1139592"	"Jeepers Creepers III"	40	-1	"None"	"None"	"Moderate"	"Moderate"	"None"	"Moderate"
"tt1206885"	"Rambo: Last Blood"	64	26	"Rated R for strong graphic violence, grisly images, drug use and language."	"Mild"	"Severe"	"Severe"	"Moderate"	"Severe"
"tt1213641"	"First Man"	73	84	"Rated PG-13 for some thematic content involving peril, and brief strong language"	"None"	"Mild"	"Mild"	"Mild"	"Moderate"
"tt1219827"	"Ghost in the Shell"	63	52	"Rated PG-13 for intense sequences of sci-fi violence, suggestive content and some disturbing images"	"Mild"	"Moderate"	"Mild"	"Mild"	"Mild"
"tt1226837"	"Beautiful Boy"	73	62	"Rated R for drug content throughout, language, and brief sexual material"	"Mild"	"Mild"	"Moderate"	"Severe"	"Moderate"
"tt1230168"	"Same Kind of Different as Me"	66	47	"Rated PG-13 for thematic elements including some violence and language"	"None"	"None"	"Mild"	"None"	"None"
"tt1255919"	"Holmes & Watson"	38	24	"Rated PG-13 for crude sexual material, some violence, language and drug references"	"Moderate"	"Mild"	"Moderate"	"Moderate"	"Mild"
"tt1259528"	"Den of Thieves"	70	49	"Rated R for violence, language and some sexuality/nudity"	"Mild"	"Moderate"	"Severe"	"Mild"	"Moderate"
"tt1270797"	"Venom"	67	35	"Rated PG-13 for intense sequences of sci-fi violence and action, and for language"	"Mild"	"Moderate"	"Moderate"	"Mild"	"Moderate"
"tt1285009"	"The Strangers: Prey at Night"	52	48	"Rated R for horror violence and terror throughout, and for language"	"Mild"	"Severe"	"Moderate"	"Mild"	"Severe"
"tt1293847"	"xXx: Return of Xander Cage"	52	42	"Rated PG-13 for extended sequences of gunplay and violent action, and for sexual material and langua"	"Mild"	"Moderate"	"Moderate"	"Mild"	"None"
"tt1298644"	"The Hustle"	54	35	"Rated PG-13 on appeal for crude sexual content and language"	"Mild"	"None"	"Mild"	"Mild"	"None"
"tt1308728"	"The Happytime Murders"	54	27	"Rated R for strong crude and sexual content and language throughout, and some drug material"	"Severe"	"Moderate"	"Severe"	"Moderate"	"Moderate"
"tt1365519"	"Tomb Raider"	63	48	"Rated PG-13 for sequences of violence and action, and for some language"	"None"	"Moderate"	"Mild"	"Mild"	"Mild"
"tt1389072"	"Downsizing"	57	63	"Rated R for language including sexual references, some graphic nudity and drug use."	"Moderate"	"None"	"Moderate"	"Moderate"	"None"
"tt1396484"	"It"	73	69	"Rated R for violence/horror, bloody images, and for language"	"Mild"	"Severe"	"Severe"	"Mild"	"Severe"
"tt1412528"	"Table 19"	58	40	"Rated PG-13 for thematic elements, sexual content, drug use, language and some brief nudity"	"Mild"	"None"	"Mild"	"Mild"	"None"
"tt1413492"	"12 Strong"	66	54	"rated R for war violence and language throughout"	"None"	"Severe"	"Moderate"	"Mild"	"Moderate"
"tt1458169"	"Kidnap"	59	44	"Rated R for violence and peril"	"None"	"Moderate"	"Mild"	"None"	"Moderate"
"tt1469304"	"Baywatch"	55	37	"Rated R for language throughout, crude sexual content, and graphic nudity"	"Moderate"	"Moderate"	"Severe"	"Mild"	"Mild"
"tt1477834"	"Aquaman"	70	55	"Rated PG-13 for sequences of sci-fi violence and action, and for some language"	"Mild"	"Moderate"	"Mild"	"Mild"	"Mild"
"tt1478839"	"The Art of Racing in the Rain"	75	43	"Rated PG for thematic material"	"None"	"None"	"None"	"None"	"Mild"
"tt1485796"	"The Greatest Showman"	76	48	"Rated PG for thematic elements including a brawl"	"None"	"Mild"	"None"	"Mild"	"Mild"
"tt1489887"	"Booksmart"	72	84	"Rated R for strong sexual content and language throughout, drug use and drinking - all involving tee"	"Moderate"	"None"	"Severe"	"Moderate"	"None"
"tt1502407"	"Halloween"	66	67	"Rated R for horror violence and bloody images, language, brief drug use and nudity"	"Mild"	"Severe"	"Moderate"	"Mild"	"Severe"
"tt1517451"	"A Star Is Born"	77	88	"Rated R for language throughout, some sexuality/nudity and substance abuse"	"Moderate"	"Mild"	"Severe"	"Severe"	"Moderate"
"tt1560220"	"Zombieland: Double Tap"	72	56	"Rated R for bloody violence, language throughout, some drug and sexual content"	"Mild"	"Severe"	"Severe"	"Moderate"	"Moderate"
"tt1563742"	"Overboard"	60	42	"Rated PG-13 for suggestive material, partial nudity and some language."	"Mild"	"None"	"Mild"	"Mild"	"None"
"tt1571234"	"Mortal Engines"	61	44	"Rated PG-13 for sequences of futuristic violence and action"	"None"	"Moderate"	"Mild"	"Mild"	"Mild"
"tt1590193"	"The Commuter"	63	56	"Rated PG-13 for some intense action/violence, and language."	"None"	"Moderate"	"Moderate"	"Mild"	"Moderate"
"tt1615160"	"The Foreigner"	70	55	"Rated R for violence, language and some sexual material"	"Mild"	"Moderate"	"Severe"	"Mild"	"Moderate"
"tt1620680"	"A Wrinkle in Time"	42	53	"rated PG for thematic elements and some peril"	"None"	"Mild"	"None"	"None"	"Mild"
"tt1620981"	"The Addams Family"	59	46	"Rated PG for macabre and suggestive humor, and some action."	"None"	"Mild"	"None"	"Mild"	"Mild"
"tt1648190"	"The Dark Tower"	56	34	"Rated PG-13 for thematic material including sequences of gun violence and action."	"None"	"Moderate"	"Mild"	"Mild"	"Moderate"
"tt1666185"	"All Eyez on Me"	58	38	"Rated R for language throughout, drug use, violence, some nudity and sexuality"	"Moderate"	"Moderate"	"Severe"	"Moderate"	"Moderate"
"tt1677720"	"Ready Player One"	75	64	"Rated PG-13 for sequences of sci-fi action violence, bloody images, some suggestive material, partia"	"Mild"	"Moderate"	"Moderate"	"None"	"Mild"
"tt1691916"	"Before I Fall"	64	58	"Rated PG-13 for mature thematic content involving drinking, sexuality, bullying, some violent images"	"Mild"	"Mild"	"Moderate"	"Mild"	"Mild"
"tt1724970"	"Beyond Skyline"	53	46	"Rated R for sequences of bloody sci-fi violence, and language throughout."	"Mild"	"Severe"	"Moderate"	"Moderate"	"Moderate"
"tt1727824"	"Bohemian Rhapsody"	80	49	"Rated PG-13 for thematic elements, suggestive material, drug content and language"	"Mild"	"None"	"Mild"	"Moderate"	"Mild"
"tt1730768"	"The Zookeeper's Wife"	70	57	"Rated PG-13 for thematic elements, disturbing images, violence, brief sexuality, nudity and smoking"	"Moderate"	"Moderate"	"None"	"Mild"	"Moderate"
"tt1753383"	"A Dog's Purpose"	71	43	"Rated PG for thematic elements and some peril"	"None"	"Mild"	"None"	"Mild"	"Mild"
"tt1758810"	"The Snowman"	51	23	"Rated R for grisly images, violence, some language, sexuality and brief nudity"	"Moderate"	"Severe"	"Moderate"	"Mild"	"Severe"
"tt1781058"	"Wilson"	58	49	"Rated R for language throughout and some sexuality"	"Mild"	"None"	"Severe"	"Mild"	"Mild"
"tt1790809"	"Pirates of the Caribbean: Dead Men Tell No Tales"	66	39	"Rated PG-13 for sequences of adventure violence, and some suggestive conten"	"Mild"	"Moderate"	"Mild"	"Mild"	"Moderate"
"tt1801552"	"Gotti"	48	24	"Rated R for strong violence and pervasive language"	"None"	"Severe"	"Severe"	"Mild"	"Moderate"
"tt1825683"	"Black Panther"	73	88	"Rated PG-13 for prolonged sequences of action violence, and a brief rude gesture"	"None"	"Moderate"	"Mild"	"None"	"Moderate"
"tt1846589"	"Hunter Killer"	66	43	"Rated R for violence and some language"	"None"	"Moderate"	"Moderate"	"None"	"Mild"
"tt1856101"	"Blade Runner 2049"	80	81	"Rated R for violence, some sexuality, nudity and language"	"Moderate"	"Moderate"	"Moderate"	"Mild"	"Moderate"
"tt1946502"	"UglyDolls"	48	39	"Rated PG for thematic elements and brief action"	"None"	"Mild"	"Mild"	"None"	"Mild"
"tt1959563"	"The Hitman's Bodyguard"	69	47	"Rated R for strong violence and language throughout"	"Mild"	"Severe"	"Severe"	"Mild"	"Mild"
"tt1961175"	"American Assassin"	62	45	"Rated R for strong violence throughout, some torture, language and brief nudity"	"Mild"	"Severe"	"Severe"	"Mild"	"Severe"
"tt1966359"	"Father Figures"	55	22	"Rated R for language and sexual references throughout"	"Mild"	"Mild"	"Severe"	"Mild"	"Moderate"
"tt1972591"	"King Arthur: Legend of the Sword"	67	41	"Rated PG-13 for sequences of violence and action, some suggestive content and brief strong language"	"Mild"	"Moderate"	"Moderate"	"None"	"Moderate"
"tt1979376"	"Toy Story 4"	79	84	"None"	"None"	"Mild"	"None"	"None"	"Mild"
"tt1981128"	"Geostorm"	53	21	"Rated PG-13 for destruction, action and violence"	"Mild"	"Mild"	"Mild"	"None"	"Moderate"
"tt1987680"	"The Upside"	69	46	"Rated PG-13 for suggestive content and drug use"	"Mild"	"None"	"Mild"	"Mild"	"Mild"
"tt1999890"	"Hell Fest"	55	26	"Rated R for horror violence, and language including some sexual references"	"Mild"	"Severe"	"Moderate"	"Mild"	"Moderate"
"tt2039338"	"Flatliners"	52	27	"Rated PG - 13 for violence and terror, sexual  content, language, thematic material, and some drug  "	"Moderate"	"Moderate"	"Moderate"	"Mild"	"Moderate"
"tt2062700"	"Song to Song"	57	54	"Rated R for some sexuality, nudity, drug use and language"	"Moderate"	"Mild"	"Mild"	"Moderate"	"None"
"tt2066051"	"Rocketman"	74	69	"Rated R for language throughout, some drug use and sexual content"	"Moderate"	"Mild"	"Moderate"	"Severe"	"Moderate"
"tt2072233"	"Sleepless"	56	34	"Rated R for strong violence and language throughout"	"Mild"	"Severe"	"Severe"	"Moderate"	"Moderate"
"tt2091256"	"Captain Underpants: The First Epic Movie"	62	69	"Rated PG for mild rude humor throughout"	"Mild"	"Mild"	"Mild"	"None"	"Mild"
"tt2119543"	"The House with a Clock in Its Walls"	60	57	"Rated PG for thematic elements including sorcery, some action, scary images, rude humor and language"	"None"	"Mild"	"Mild"	"None"	"Moderate"
"tt2126357"	"Second Act"	58	46	"Rated PG-13 for some crude sexual references, and language"	"Mild"	"None"	"Moderate"	"Mild"	"None"
"tt2139881"	"Long Shot"	69	67	"Rated R for strong sexual content, language throughout and some drug use"	"Moderate"	"Mild"	"Severe"	"Moderate"	"Mild"
"tt2226597"	"The Mountain Between Us"	64	48	"Rated PG-13 for a scene of sexuality, peril, injury images, and brief strong language"	"Mild"	"Mild"	"Mild"	"None"	"Mild"
"tt2231461"	"Rampage"	61	45	"Rated PG-13 for sequences of violence, action and destruction, brief language, and crude gestures."	"None"	"Moderate"	"Moderate"	"None"	"Moderate"
"tt2239822"	"Valerian and the City of a Thousand Planets"	65	51	"Rated PG-13 for sci-fi violence and action, suggestive material and brief language"	"Mild"	"Mild"	"Mild"	"None"	"None"
"tt2250912"	"Spider-Man: Homecoming"	74	73	"Rated PG-13 for sci-fi action violence, some language and brief suggestive comments"	"Mild"	"Mild"	"Moderate"	"None"	"Mild"
"tt2274648"	"Hellboy"	52	31	"Rated R for strong bloody violence and gore throughout, and language"	"Mild"	"Severe"	"Moderate"	"Moderate"	"Severe"
"tt2283336"	"Men in Black: International"	56	38	"Rated PG-13 for sci-fi action, some language and suggestive material."	"Mild"	"Mild"	"Mild"	"Mild"	"Mild"
"tt2283362"	"Jumanji: Welcome to the Jungle"	69	58	"Rated PG-13 for adventure action, suggestive content and some language"	"Mild"	"Mild"	"Mild"	"Mild"	"Mild"
"tt2291540"	"My Friend Dahmer"	62	68	"R for disturbing images, language, teen drug use, drinking and sexual content, and for brief nudity"	"Moderate"	"Moderate"	"Mild"	"Moderate"	"Moderate"
"tt2296777"	"Sherlock Gnomes"	51	36	"Rated PG for some rude and suggestive humor."	"None"	"Moderate"	"Mild"	"Mild"	"Mild"
"tt2316204"	"Alien: Covenant"	64	65	"Rated R for sci-fi violence, bloody images, language and some sexuality/nudity"	"Moderate"	"Severe"	"Severe"	"Mild"	"Severe"
"tt2328900"	"Mary Queen of Scots"	63	60	"Rated R for some violence and sexuality"	"Moderate"	"Moderate"	"Mild"	"Mild"	"Moderate"
"tt2334871"	"Snatched"	45	45	"Rated R for crude sexual content, brief nudity, and language throughout"	"Moderate"	"Mild"	"Moderate"	"Mild"	"Mild"
"tt2345759"	"The Mummy"	54	34	"Rated PG-13 for violence, action and scary images, and for some suggestive content and partial nudit"	"Mild"	"Moderate"	"Mild"	"Mild"	"Moderate"
"tt2365580"	"Where'd You Go, Bernadette"	65	51	"Rated PG-13 for some strong language and drug material"	"Mild"	"Mild"	"Moderate"	"Moderate"	"Mild"
"tt2368254"	"A Private War"	67	75	"Rated R for disturbing violent images, language throughout, and brief sexuality/nudity"	"Moderate"	"Moderate"	"Moderate"	"Moderate"	"Moderate"
"tt2378507"	"The Glass Castle"	71	56	"Rated PG-13 for mature thematic content involving family dysfunction, and for some language and smok"	"Mild"	"Mild"	"Moderate"	"Moderate"	"Moderate"
"tt2380307"	"Coco"	84	81	"Rated PG for thematic elements"	"None"	"Mild"	"None"	"Mild"	"Mild"
"tt2386490"	"How to Train Your Dragon: The Hidden World"	75	71	"Rated PG for adventure action and some mild rude humor"	"None"	"Mild"	"None"	"None"	"Mild"
"tt2398241"	"Smurfs: The Lost Village"	60	40	"Rated PG for some mild action and rude humor"	"None"	"Mild"	"None"	"None"	"Mild"
"tt2406566"	"Atomic Blonde"	67	63	"Rated R for sequences of strong violence, language throughout, and some sexuality/nudity"	"Moderate"	"Severe"	"Moderate"	"Moderate"	"Moderate"
"tt2452244"	"Isn't It Romantic"	59	60	"Rated PG-13 for language, some sexual material, and a brief drug reference"	"Mild"	"Mild"	"Mild"	"Mild"	"None"
"tt2482856"	"The Church"	28	-1	"Rated PG - 13 for some violent content and  thematic material"	"None"	"None"	"None"	"None"	"None"
"tt2527336"	"Star Wars: Episode VIII - The Last Jedi"	71	85	"Rated PG-13 for sequences of sci-fi action and violence."	"None"	"Moderate"	"Mild"	"Mild"	"Moderate"
"tt2531344"	"Blockers"	62	69	"Rated R for crude and sexual content, and language throughout, drug content, teen partying, and some"	"Severe"	"Mild"	"Severe"	"Moderate"	"None"
"tt2543472"	"Wonder"	80	66	"Rated PG for thematic elements including bullying, and some mild language"	"None"	"Mild"	"Mild"	"Mild"	"Mild"
"tt2557478"	"Pacific Rim: Uprising"	56	44	"rated PG-13 for sequences of sci-fi violence and action, and some language"	"Mild"	"Moderate"	"Mild"	"Mild"	"Moderate"
"tt2568862"	"Going in Style"	66	50	"Rated PG-13 for drug content, language and some suggestive material"	"Mild"	"Mild"	"Moderate"	"Mild"	"Mild"
"tt2584384"	"Jojo Rabbit"	81	58	"Rated PG-13 for mature thematic content, some disturbing images, violence, and language"	"None"	"Mild"	"Moderate"	"Mild"	"Moderate"
"tt2639336"	"Greta"	60	54	"Rated R for some violence and disturbing images"	"None"	"Moderate"	"Mild"	"Mild"	"Moderate"
"tt2690226"	"The Chaperone"	65	48	"None"	"Mild"	"None"	"None"	"Mild"	"None"
"tt2704998"	"Game Night"	69	66	"Rated R for language, sexual references and some violence"	"Mild"	"Moderate"	"Severe"	"Mild"	"Mild"
"tt2709692"	"Dr. Seuss' The Grinch"	63	51	"Rated PG for brief rude humor"	"None"	"None"	"None"	"None"	"None"
"tt2771200"	"Beauty and the Beast"	72	65	"Rated PG for some action violence, peril and frightening images"	"None"	"Mild"	"None"	"Mild"	"Mild"
"tt2776878"	"Thank You for Your Service"	65	68	"Rated R for strong violent content, language throughout, some sexuality, drug material and brief nud"	"Moderate"	"Severe"	"Severe"	"Mild"	"Severe"
"tt2798920"	"Annihilation"	69	79	"Rated R for violence, bloody images, language and some sexuality"	"Moderate"	"Severe"	"Moderate"	"Mild"	"Severe"
"tt2837574"	"The Old Man & the Gun"	67	80	"Rated PG-13 for brief strong language"	"None"	"Mild"	"Mild"	"Mild"	"None"
"tt2854926"	"Tag"	65	56	"Rated R for language throughout, crude sexual content, drug use and brief nudity"	"Moderate"	"Mild"	"Severe"	"Moderate"	"None"
"tt2872518"	"The Shack"	63	32	"Rated PG-13 for thematic material including some violence"	"None"	"Mild"	"None"	"Mild"	"Moderate"
"tt2873282"	"Red Sparrow"	66	53	"Rated R for strong violence, torture, sexual content, language and some graphic nudity"	"Severe"	"Severe"	"Severe"	"Moderate"	"Severe"
"tt2924392"	"Higher Power"	54	-1	"Rated R for violence and language"	"None"	"Severe"	"Severe"	"Mild"	"Moderate"
"tt2932536"	"47 Meters Down"	56	52	"Rated PG-13 for sequences of intense peril, bloody images, and brief strong language"	"None"	"Moderate"	"Mild"	"Mild"	"Moderate"
"tt2935510"	"Ad Astra"	68	80	"Rated PG-13 for some violence and bloody images, and for brief strong languag"	"None"	"Moderate"	"Mild"	"None"	"Moderate"
"tt3014284"	"The Lego Ninjago Movie"	60	55	"Rated PG for some mild action and rude humor"	"None"	"Mild"	"None"	"None"	"Mild"
"tt3104988"	"Crazy Rich Asians"	69	74	"rated PG-13 for some suggestive content and language"	"Mild"	"None"	"Mild"	"Mild"	"None"
"tt3201736"	"Run the Race"	59	35	"Rated PG for thematic content and some teen partying."	"None"	"Moderate"	"Mild"	"Moderate"	"Mild"
"tt3203528"	"Bad Samaritan"	64	42	"Rated R for violence, language throughout, some drug use and brief nudity"	"Mild"	"Moderate"	"Severe"	"Mild"	"Moderate"
"tt3203620"	"The Dinner"	45	57	"Rated R for disturbing violent content, and language throughout."	"None"	"Moderate"	"Severe"	"Mild"	"Moderate"
"tt3262342"	"Loving Vincent"	78	62	"Rated PG-13 for mature thematic elements, some violence, sexual material and smoking"	"Mild"	"Mild"	"Mild"	"Moderate"	"Mild"
"tt3289724"	"Welcome to Marwen"	61	40	"Rated PG-13 for sequences of fantasy violence, some disturbing images, brief suggestive content, the"	"Mild"	"Moderate"	"Mild"	"Mild"	"Mild"
"tt3294746"	"The Public"	65	47	"Rated PG-13 for thematic material, nudity, language, and some suggestive content"	"Mild"	"Mild"	"Mild"	"None"	"Mild"
"tt3315342"	"Logan"	81	77	"Rated R for strong brutal violence and language throughout, and for brief nudity"	"Mild"	"Severe"	"Severe"	"Moderate"	"Severe"
"tt3348730"	"Jigsaw"	58	39	"Rated R for sequences of grisly bloody violence and torture, and for language"	"Mild"	"Severe"	"Severe"	"Mild"	"Severe"
"tt3361792"	"Tolkien"	68	48	"Rated PG-13 for some sequences of war violence"	"None"	"Moderate"	"None"	"Moderate"	"Moderate"
"tt3371366"	"Transformers: The Last Knight"	52	27	"Rated PG-13 for violence and intense sequences of sci-fi action, language, and some innuendo"	"Mild"	"Moderate"	"Moderate"	"Mild"	"Moderate"
"tt3385524"	"Stan & Ollie"	72	75	"Rated PG for some language, and for smoking"	"None"	"None"	"Mild"	"Mild"	"None"
"tt3387520"	"Scary Stories to Tell in the Dark"	62	61	"Rated PG-13 for terror/violence, disturbing images, thematic elements, language including racial epi"	"None"	"Moderate"	"Mild"	"None"	"Severe"
"tt3401882"	"Fist Fight"	56	37	"Rated R for language throughout, sexual content/nudity and drug material"	"Moderate"	"Moderate"	"Severe"	"Moderate"	"None"
"tt3402236"	"Murder on the Orient Express"	65	52	"Rated PG-13 for violence and thematic elements"	"None"	"Moderate"	"Mild"	"Mild"	"Moderate"
"tt3411444"	"Ferdinand"	67	58	"Rated PG for rude humor, action and some thematic elements"	"None"	"Mild"	"None"	"None"	"Mild"
"tt3450958"	"War for the Planet of the Apes"	74	82	"Rated PG-13 for sequences of sci-fi violence and action, thematic elements, and some disturbing imag"	"None"	"Moderate"	"Mild"	"Mild"	"Moderate"
"tt3462710"	"Unforgettable"	51	45	"Rated R for sexual content, violence, some language, and brief partial nudity"	"Moderate"	"Moderate"	"Moderate"	"Mild"	"Mild"
"tt3469046"	"Despicable Me 3"	63	49	"Rated PG for action and rude humor"	"Mild"	"Mild"	"Mild"	"None"	"Mild"
"tt3501632"	"Thor: Ragnarok"	79	74	"Rated PG-13 for intense sequences of sci-fi violence and action, and brief suggestive material"	"Mild"	"Moderate"	"Mild"	"Mild"	"Mild"
"tt3513498"	"The Lego Movie 2: The Second Part"	67	65	"Rated PG for mild action and rude humor"	"None"	"Mild"	"None"	"None"	"Mild"
"tt3521126"	"The Disaster Artist"	74	76	"Rated R for language throughout and some sexuality/nudity"	"Moderate"	"None"	"Severe"	"None"	"None"
"tt3532216"	"American Made"	71	65	"Rated R for language throughout and some sexuality/nudity"	"Mild"	"Mild"	"Severe"	"Moderate"	"Mild"
"tt3564472"	"Girls Trip"	62	71	"Rated R for crude and sexual content throughout, pervasive language, brief graphic nudity, and drug "	"Moderate"	"Mild"	"Severe"	"Moderate"	"None"
"tt3606752"	"Cars 3"	67	59	"None"	"None"	"Mild"	"None"	"None"	"Mild"
"tt3606756"	"Incredibles 2"	77	80	"Rated PG for action sequences and some brief mild language"	"None"	"Mild"	"Mild"	"Mild"	"Mild"
"tt3717490"	"Power Rangers"	59	44	"Rated PG-13 for sequences of sci-fi violence, action and destruction, language, and for some crude h"	"Mild"	"Moderate"	"Mild"	"Mild"	"Mild"
"tt3721964"	"Gringo"	61	46	"rated R for language throughout, violence and sexual content"	"Mild"	"Severe"	"Severe"	"Severe"	"Moderate"
"tt3722234"	"Gosnell: The Trial of America's Biggest Serial Killer"	67	-1	"Rated PG-13 for mature thematic content including disturbing images and descriptions"	"None"	"Mild"	"Mild"	"Mild"	"Moderate"
"tt3731562"	"Kong: Skull Island"	66	62	"Rated PG-13 for intense sequences of sci-fi violence and action, and for brief strong language."	"None"	"Moderate"	"Mild"	"None"	"Moderate"
"tt3741700"	"Godzilla: King of the Monsters"	61	48	"Rated PG-13 for sequences of monster action violence and destruction, and for some language"	"None"	"Moderate"	"Moderate"	"None"	"Moderate"
"tt3750872"	"The Wife"	72	77	"Rated R for language and some sexual content"	"Mild"	"None"	"Moderate"	"Mild"	"Mild"
"tt3766354"	"The Equalizer 2"	67	50	"Rated R for brutal violence throughout, language, and some drug content"	"None"	"Severe"	"Moderate"	"Moderate"	"Severe"
"tt3778644"	"Solo: A Star Wars Story"	69	62	"Rated PG-13 for sequences of sci-fi action/violence"	"None"	"Mild"	"Mild"	"Mild"	"Mild"
"tt3829266"	"The Predator"	54	48	"Rated R for strong bloody violence, language throughout, and crude sexual references"	"Mild"	"Severe"	"Severe"	"Mild"	"Moderate"
"tt3829920"	"Only The Brave"	77	72	"Rated PG-13 for thematic content, some sexual references, language and drug material"	"Mild"	"Mild"	"Moderate"	"Mild"	"Moderate"
"tt3861390"	"Dumbo"	63	51	"Rated PG for peril/action, some thematic elements, and brief mild language"	"None"	"Mild"	"None"	"None"	"Mild"
"tt3874544"	"The Boss Baby"	63	50	"Rated PG for some mild rude humor"	"Mild"	"Mild"	"Mild"	"Mild"	"Mild"
"tt3881784"	"Stronger"	69	76	"Rated R for language throughout, some graphic injury images, and brief sexuality/nudity"	"Moderate"	"Moderate"	"Severe"	"Moderate"	"Moderate"
"tt3890160"	"Baby Driver"	76	86	"Rated R for violence and language throughout"	"None"	"Moderate"	"Severe"	"Mild"	"Moderate"
"tt3892172"	"Leave No Trace"	72	88	"Rated PG for thematic material throughout"	"None"	"Mild"	"None"	"Mild"	"Mild"
"tt3896198"	"Guardians of the Galaxy Vol. 2"	76	67	"Rated PG-13 for sequences of sci-fi action and violence, language, and brief suggestive content"	"Mild"	"Moderate"	"Mild"	"Mild"	"Moderate"
"tt3920820"	"Brian Banks"	67	58	"Rated PG-13 for thematic content and related images, and for language"	"None"	"None"	"None"	"None"	"None"
"tt3922818"	"The Space Between Us"	64	33	"Rated PG-13 for brief sensuality and language"	"Mild"	"None"	"Mild"	"None"	"Mild"
"tt4030600"	"The Bye Bye Man"	43	37	"Rated PG-13 for terror, horror violence, bloody images, sexual content, thematic elements, partial n"	"Mild"	"Moderate"	"Moderate"	"None"	"Moderate"
"tt4068576"	"The Nightingale"	72	77	"Rated R for strong violent and disturbing content including rape, language throughout, and brief sex"	"Severe"	"Severe"	"Severe"	"Mild"	"Severe"
"tt4073790"	"The Darkest Minds"	57	39	"Rated PG - 13 for violence including disturbing images, and thematic elements"	"Mild"	"Moderate"	"Mild"	"None"	"Moderate"
"tt4103724"	"Forever My Girl"	67	36	"Rated PG for thematic elements including drinking, and for language"	"Mild"	"None"	"None"	"Mild"	"None"
"tt4116284"	"The Lego Batman Movie"	73	75	"Rated PG for rude humor and some action"	"None"	"Mild"	"Mild"	"None"	"Mild"
"tt4123430"	"Fantastic Beasts: The Crimes of Grindelwald"	66	52	"Rated PG-13 for some sequences of fantasy action"	"None"	"Moderate"	"Mild"	"Mild"	"Moderate"
"tt4126476"	"After"	54	30	"Rated PG-13 for sexual content and some college partying"	"Moderate"	"Mild"	"Mild"	"Moderate"	"Mild"
"tt4131800"	"My Little Pony: The Movie"	61	39	"Rated PG for mild action"	"None"	"Mild"	"None"	"None"	"Mild"
"tt4154664"	"Captain Marvel"	69	64	"Rated PG-13 for sequences of sci-fi violence and action, and brief suggestive language"	"None"	"Mild"	"Mild"	"Mild"	"Mild"
"tt4154756"	"Avengers: Infinity War"	85	68	"Rated PG-13 for intense sequences of sci-fi violence and action throughout, language and some crude "	"None"	"Moderate"	"Mild"	"None"	"Moderate"
"tt4154796"	"Avengers: Endgame"	85	78	"Rated PG-13 for sequences of sci-fi violence and action, and some language"	"None"	"Moderate"	"Mild"	"Mild"	"Moderate"
"tt4154916"	"Replicas"	55	19	"Rated PG-13 for thematic material, violence, disturbing images, some nudity and sexual references"	"Mild"	"Mild"	"Mild"	"None"	"Mild"
"tt4209788"	"Molly's Game"	74	71	"Rated R for language, drug content and some violence"	"None"	"Mild"	"Moderate"	"Moderate"	"Moderate"
"tt4217392"	"Kung Fu Yoga"	52	50	"None"	"None"	"Moderate"	"Mild"	"None"	"Mild"
"tt4218572"	"Widows"	69	84	"Rated R for violence, language throughout, and some sexual content/nudity"	"Moderate"	"Moderate"	"Severe"	"Mild"	"Moderate"
"tt4218696"	"The Wall"	62	57	"Rated R for language throughout and some war violence"	"None"	"Moderate"	"Severe"	"None"	"Moderate"
"tt4244998"	"Alpha"	67	63	"Rated PG-13 for some intense peril"	"Mild"	"Mild"	"None"	"None"	"Moderate"
"tt4274656"	"Grow House"	46	-1	"Rated R for drug use and language throughout, including some sexual references"	"Severe"	"None"	"None"	"None"	"None"
"tt4287320"	"The Circle"	53	43	"Rated PG-13 for a sexual situation, brief strong language and some thematic elements including drug "	"Mild"	"Mild"	"Mild"	"Mild"	"None"
"tt4353250"	"The Last Black Man in San Francisco"	74	83	"Rated R for language, brief nudity and drug use"	"Moderate"	"Mild"	"Severe"	"Mild"	"Mild"
"tt4364194"	"The Peanut Butter Falcon"	77	70	"None"	"None"	"Mild"	"Moderate"	"Mild"	"Moderate"
"tt4411596"	"My Cousin Rachel"	60	63	"Rated PG-13 for some sexuality and brief strong language."	"Mild"	"Mild"	"Mild"	"Mild"	"Mild"
"tt4425200"	"John Wick: Chapter 2"	75	75	"Rated R for strong violence throughout, some language and brief nudity."	"Mild"	"Severe"	"Moderate"	"Mild"	"Severe"
"tt4463894"	"Shaft"	64	40	"Rated R for pervasive language, violence, sexual content, some drug material and brief nudity"	"Moderate"	"Moderate"	"Severe"	"Moderate"	"Mild"
"tt4465564"	"Fifty Shades Darker"	46	33	"Rated R for strong erotic sexual content, some graphic nudity, and language"	"Severe"	"Mild"	"Moderate"	"Mild"	"Mild"
"tt4468740"	"Paddington 2"	78	88	"Rated PG for some action and mild rude humor"	"None"	"None"	"None"	"None"	"Mild"
"tt4477536"	"Fifty Shades Freed"	45	31	"Rated R for strong sexual content, nudity, and language."	"Severe"	"Moderate"	"Moderate"	"Mild"	"Mild"
"tt4481414"	"Gifted"	76	60	"Rated PG-13 for thematic elements, language and some suggestive material"	"Mild"	"None"	"Mild"	"Mild"	"Mild"
"tt4481514"	"The House"	56	30	"Rated R for language throughout, sexual references, drug use, some violence and brief nudity."	"Moderate"	"Moderate"	"Severe"	"Severe"	"Mild"
"tt4500922"	"Maze Runner: The Death Cure"	62	50	"Rated PG-13 for intense sequences of sci-fi violence and action, language, and some thematic element"	"None"	"Moderate"	"Mild"	"None"	"Moderate"
"tt4504044"	"The Prodigy"	59	45	"Rated R for violence, disturbing and bloody images, a sexual reference and brief graphic nudity"	"Mild"	"Severe"	"Moderate"	"Mild"	"Severe"
"tt4513316"	"Novitiate"	66	73	"Rated R for language, some sexuality and nudity"	"Moderate"	"Mild"	"Mild"	"Mild"	"Moderate"
"tt4530422"	"Overlord"	66	60	"Rated R for strong bloody violence, disturbing images, language, and brief sexual content"	"Mild"	"Severe"	"Severe"	"Mild"	"Severe"
"tt4532826"	"Robin Hood"	53	32	"Rated PG-13 for extended sequences of violence and action, and some suggestive references"	"Mild"	"Moderate"	"Mild"	"Mild"	"Moderate"
"tt4537896"	"White Boy Rick"	64	59	"Rated R for language throughout, drug content, violence, some sexual references, and brief nudity"	"Mild"	"Moderate"	"Severe"	"Moderate"	"Moderate"
"tt4555426"	"Darkest Hour"	74	75	"Rated PG-13 for some thematic material"	"None"	"Mild"	"Mild"	"Moderate"	"Mild"
"tt4560436"	"Mile 22"	61	38	"Rated R for strong violence and language throughout"	"None"	"Severe"	"Severe"	"Mild"	"Moderate"
"tt4572792"	"The Book of Henry"	66	31	"Rated PG-13 for thematic elements and brief strong language"	"None"	"Mild"	"Moderate"	"None"	"Mild"
"tt4575576"	"Christopher Robin"	73	60	"Rated PG for some action"	"None"	"None"	"None"	"None"	"Mild"
"tt4587656"	"The Star"	61	42	"Rated PG for some thematic elements"	"None"	"Mild"	"None"	"None"	"Mild"
"tt4595882"	"Can You Ever Forgive Me?"	71	87	"Rated R for language including some sexual references, and brief drug use"	"Mild"	"Mild"	"Moderate"	"Moderate"	"None"
"tt4602066"	"The Catcher Was a Spy"	62	49	"Rated R for some sexuality, violence and language"	"Mild"	"Mild"	"Moderate"	"Mild"	"Mild"
"tt4622512"	"Battle of the Sexes"	67	73	"Rated PG-13 for some sexual content and partial nudity"	"Moderate"	"None"	"Mild"	"Mild"	"None"
"tt4630562"	"The Fate of the Furious"	67	56	"Rated PG-13 for prolonged sequences of violence and destruction, suggestive content, and language"	"Mild"	"Moderate"	"Moderate"	"Mild"	"Mild"
"tt4633694"	"Spider-Man: Into the Spider-Verse"	84	87	"Rated PG for frenetic sequences of animated action violence, thematic elements, and mild language"	"None"	"Mild"	"Mild"	"None"	"Mild"
"tt4649466"	"Kingsman: The Golden Circle"	67	44	"Rated R for sequences of strong violence, drug content, language throughout and some sexual material"	"Moderate"	"Severe"	"Severe"	"Moderate"	"Mild"
"tt4663548"	"All Saints"	60	63	"Rated PG for thematic elements"	"None"	"None"	"None"	"None"	"None"
"tt4669264"	"Beirut"	64	69	"Rated R for language, some violence and a brief nude image"	"None"	"Moderate"	"Moderate"	"Moderate"	"Mild"
"tt4669788"	"On the Basis of Sex"	69	59	"Rated PG-13 for some language and suggestive content"	"Mild"	"None"	"Mild"	"Mild"	"None"
"tt4682136"	"The Seagull"	58	58	"Rated PG-13 for some mature thematic elements, a scene of violence, drug use, and partial nudity."	"Mild"	"Mild"	"Mild"	"Mild"	"Moderate"
"tt4686844"	"The Death of Stalin"	72	88	"rated R for language throughout, violence and some sexual references"	"Mild"	"Moderate"	"Severe"	"Mild"	"Mild"
"tt4695012"	"It Comes At Night"	62	78	"Rated R for violence, disturbing images, and language"	"Mild"	"Moderate"	"Moderate"	"Mild"	"Severe"
"tt4701182"	"Bumblebee"	68	66	"Rated PG-13 for sequences of sci-fi action violence"	"None"	"Moderate"	"Mild"	"None"	"Mild"
"tt4701724"	"Early Man"	61	68	"Rated PG for rude humor and some action"	"Mild"	"Mild"	"Mild"	"None"	"Mild"
"tt4761916"	"Unfriended: Dark Web"	59	53	"Rated R for some disturbing violence, language and sexual references."	"None"	"Moderate"	"Moderate"	"Mild"	"Severe"
"tt4765284"	"Pitch Perfect 3"	58	40	"Rated PG-13 for crude and sexual content, language and some action."	"Mild"	"Mild"	"Mild"	"Mild"	"None"
"tt4777008"	"Maleficent: Mistress of Evil"	70	43	"(Rated PG for intense sequences of fantasy action/violence and brief scary images)"	"None"	"Mild"	"None"	"None"	"Mild"
"tt4779682"	"The Meg"	57	46	"Rated PG-13 for action/peril, bloody images and some language"	"Mild"	"Moderate"	"Mild"	"Mild"	"Moderate"
"tt4795124"	"How to Be a Latin Lover"	59	54	"Rated PG-13 for crude humor, sexual references and gestures, and for brief nudity"	"Mild"	"None"	"Moderate"	"Mild"	"None"
"tt4799050"	"Rough Night"	52	51	"R for crude sexual content, language throughout, drug use and brief bloody images"	"Moderate"	"Moderate"	"Moderate"	"Moderate"	"Mild"
"tt4799066"	"Midnight Sun"	66	38	"Rated PG-13 for some teen partying and sensuality."	"Mild"	"None"	"Mild"	"Mild"	"None"
"tt4807408"	"The Best of Enemies"	70	49	"Rated PG-13 for thematic material, racial epithets, some violence and a suggestive reference"	"Mild"	"None"	"Moderate"	"Moderate"	"Mild"
"tt4846232"	"Good Time"	73	80	"Rated R for language throughout, violence, drug use and sexual content"	"Moderate"	"Moderate"	"Severe"	"Severe"	"Moderate"
"tt4877122"	"The Emoji Movie"	32	12	"Rated PG for rude humor"	"Severe"	"Severe"	"Severe"	"Severe"	"Severe"
"tt4881806"	"Jurassic World: Fallen Kingdom"	62	51	"Rated PG-13 for intense sequences of science-fiction violence and peril"	"None"	"Moderate"	"Mild"	"Mild"	"Moderate"
"tt4899370"	"Megan Leavey"	71	66	"Rated PG-13 for war violence, language, suggestive material, and thematic elements"	"Mild"	"Moderate"	"Moderate"	"Mild"	"Mild"
"tt4912910"	"Mission: Impossible - Fallout"	78	86	"Rated PG-13 for violence and intense sequences of action, and for brief strong language"	"Mild"	"Moderate"	"Moderate"	"None"	"Moderate"
"tt4913966"	"The Curse of La Llorona"	54	41	"Rated R for violence and terror"	"None"	"Moderate"	"Mild"	"Mild"	"Severe"
"tt4925292"	"Lady Bird"	74	94	"Rated R for language, sexual content, brief graphic nudity and teen partying"	"Moderate"	"None"	"Moderate"	"Mild"	"None"
"tt4971344"	"The Sisters Brothers"	70	78	"Rated R for violence including disturbing images, language, and some sexual content"	"Mild"	"Severe"	"Moderate"	"Moderate"	"Moderate"
"tt4975920"	"The Kid"	59	51	"Rated R for violence and language"	"Mild"	"Moderate"	"Moderate"	"Moderate"	"Moderate"
"tt4986134"	"Rebel in the Rye"	67	46	"Rated PG-13 for thematic elements, language including sexual references, some violence, and smoking "	"Moderate"	"Mild"	"Moderate"	"Mild"	"Mild"
"tt4995790"	"The Square"	72	73	"Rated R for language, some strong sexual content, and brief violence"	"Moderate"	"Mild"	"Moderate"	"Mild"	"Moderate"
"tt5001718"	"Everything, Everything"	64	52	"Rated PG-13 for thematic elements and brief sensuality"	"Mild"	"None"	"Mild"	"None"	"Mild"
"tt5013056"	"Dunkirk"	79	94	"Rated PG-13 for intense war experience and some language"	"None"	"Moderate"	"Moderate"	"Mild"	"Severe"
"tt5023260"	"The Last Word"	66	40	"Rated R for language."	"Mild"	"Mild"	"Moderate"	"Mild"	"Mild"
"tt5027774"	"Three Billboards Outside Ebbing, Missouri"	82	88	"Rated R for violence, language throughout, and some sexual references"	"Mild"	"Moderate"	"Severe"	"Moderate"	"Moderate"
"tt5028340"	"Mary Poppins Returns"	68	66	"Rated PG for some mild thematic elements and brief action"	"None"	"None"	"None"	"None"	"Mild"
"tt5052448"	"Get Out"	77	84	"Rated R for violence, bloody images, and language including sexual references"	"Mild"	"Moderate"	"Severe"	"Mild"	"Moderate"
"tt5052474"	"Sicario: Day of the Soldado"	71	61	"Rated R for strong violence, bloody images, and language"	"None"	"Severe"	"Moderate"	"Mild"	"Severe"
"tt5083738"	"The Favourite"	76	90	"Rated R for strong sexual content, nudity and language."	"Moderate"	"Mild"	"Moderate"	"Mild"	"Mild"
"tt5095030"	"Ant-Man and the Wasp"	71	70	"Rated PG - 13 for some sci - fi  action violence"	"None"	"Mild"	"Mild"	"None"	"Mild"
"tt5104604"	"Isle of Dogs"	79	82	"Rated PG-13 for thematic elements and some violent images"	"None"	"Moderate"	"Mild"	"None"	"Moderate"
"tt5109784"	"Mother!"	66	75	"Rated R for strong disturbing violent content, some sexuality, nudity and language"	"Severe"	"Severe"	"Moderate"	"Mild"	"Severe"
"tt5113040"	"The Secret Life of Pets 2"	65	55	"Rated PG for some action and rude humor"	"None"	"Mild"	"Mild"	"None"	"Mild"
"tt5117670"	"Peter Rabbit"	65	51	"Rated PG for some rude humor and action"	"None"	"Mild"	"Mild"	"None"	"Mild"
"tt5125894"	"Poms"	57	36	"Rated PG-13 for some language/sexual references."	"Moderate"	"Mild"	"Severe"	"Moderate"	"None"
"tt5140878"	"Annabelle: Creation"	65	62	"Rated R for horror violence and terror."	"None"	"Moderate"	"Mild"	"None"	"Severe"
"tt5160938"	"Lizzie"	58	59	"Rated R for violence and grisly images, nudity, a scene of sexuality and some language"	"Moderate"	"Severe"	"Mild"	"Mild"	"Severe"
"tt5164214"	"Ocean's 8"	62	61	"Rated PG-13 for language, drug use, and some suggestive content"	"Mild"	"None"	"Mild"	"Mild"	"None"
"tt5164432"	"Love, Simon"	76	72	"Rated PG-13 for thematic elements, sexual references, language and teen partying"	"Mild"	"None"	"Mild"	"Mild"	"None"
"tt5175450"	"Mark Felt: The Man Who Brought Down The White House"	64	49	"Rated PG-13 for some language"	"None"	"None"	"Moderate"	"Mild"	"Mild"
"tt5176580"	"Wild Nights with Emily"	62	74	"Rated PG-13 for sexual content"	"Mild"	"None"	"Moderate"	"Mild"	"None"
"tt5177088"	"The Girl in the Spider's Web"	61	43	"Rated R for violence, language and some sexual content/nudity"	"Mild"	"Severe"	"Moderate"	"Mild"	"Mild"
"tt5208216"	"Wonderstruck"	62	71	"Rated PG for thematic elements and smoking"	"Mild"	"Mild"	"None"	"Mild"	"None"
"tt5208252"	"Operation Finale"	65	58	"Rated PG-13 for disturbing thematic content and related violent images, and for some language"	"None"	"Moderate"	"Mild"	"Moderate"	"Severe"
"tt5220122"	"Hotel Transylvania 3: Summer Vacation"	63	54	"Rated PG for some action and rude humor"	"None"	"Mild"	"None"	"None"	"Mild"
"tt5226984"	"Tom of Finland"	68	56	"None"	"Severe"	"Moderate"	"Moderate"	"Moderate"	"Mild"
"tt5270948"	"Chappaquiddick"	65	67	"Rated PG-13 for thematic material, disturbing images, some strong language, and historical smoking"	"None"	"Mild"	"Moderate"	"Mild"	"Moderate"
"tt5294550"	"All the Money in the World"	68	72	"Rated R for language, some violence, disturbing images and brief drug content"	"Mild"	"Moderate"	"Moderate"	"Moderate"	"Moderate"
"tt5301662"	"Marshall"	72	66	"Rated PG-13 for mature thematic content, sexuality, violence and some strong language."	"Mild"	"Mild"	"Moderate"	"Moderate"	"Mild"
"tt5308322"	"Happy Death Day"	65	58	"Rated PG-13 for violence/terror, crude sexual content, language, some drug material and partial nudi"	"Mild"	"Moderate"	"Moderate"	"Mild"	"Moderate"
"tt5319866"	"Slamma Jamma"	60	-1	"Rated PG for thematic elements, some violence and language"	"None"	"None"	"None"	"None"	"None"
"tt5322012"	"Wish Upon"	50	32	"Rated PG-13 for violent and disturbing images, thematic elements and language"	"None"	"Severe"	"Moderate"	"Mild"	"Moderate"
"tt5342904"	"The Stray"	54	-1	"Rated PG for thematic elements including a perilous situation."	"Mild"	"Mild"	"Mild"	"None"	"Moderate"
"tt5360952"	"The Hurricane Heist"	51	35	"Rated PG-13 for sequences of gun violence, action, destruction, language and some suggestive materia"	"Mild"	"Mild"	"Mild"	"Mild"	"Mild"
"tt5362988"	"Wind River"	77	73	"Rated R for strong violence, a rape, disturbing images, and language"	"Moderate"	"Severe"	"Moderate"	"Mild"	"Severe"
"tt5390504"	"Detroit"	73	77	"Rated R for strong violence and pervasive language"	"Moderate"	"Severe"	"Severe"	"Mild"	"Severe"
"tt5427194"	"The Miracle Season"	65	44	"Rated PG for some thematic elements"	"None"	"None"	"None"	"Mild"	"None"
"tt5431890"	"Official Secrets"	73	63	"Rated R for language"	"Moderate"	"Mild"	"Moderate"	"Mild"	"Moderate"
"tt5437928"	"Colette"	67	74	"Rated R for some sexuality/nudity"	"Moderate"	"None"	"Mild"	"Mild"	"None"
"tt5439796"	"Logan Lucky"	70	78	"Rated PG-13 for language and some crude comments"	"None"	"Mild"	"Moderate"	"Mild"	"Mild"
"tt5442430"	"Life"	66	54	"Rated R for language throughout, some sci-fi violence and terror"	"None"	"Moderate"	"Moderate"	"None"	"Moderate"
"tt5461944"	"Hotel Mumbai"	76	62	"Rated R for disturbing violence throughout, bloody images, and language"	"Mild"	"Severe"	"Moderate"	"Mild"	"Severe"
"tt5462602"	"The Big Sick"	76	86	"Rated R for language including some sexual references"	"Mild"	"None"	"Moderate"	"Mild"	"Mild"
"tt5463162"	"Deadpool 2"	77	66	"Rated R for strong violence and language throughout, sexual references and brief drug material"	"Moderate"	"Severe"	"Severe"	"Moderate"	"Moderate"
"tt5466186"	"7 Days in Entebbe"	58	49	"Rated PG-13 for violence, some thematic material, drug use, smoking and brief strong language"	"None"	"Moderate"	"Moderate"	"Mild"	"Moderate"
"tt5478478"	"Hostiles"	72	65	"Rated R for strong violence, and language"	"None"	"Severe"	"Moderate"	"Mild"	"Moderate"
"tt5503686"	"Hustlers"	64	79	"Rated R for pervasive sexual material, drug content, language and nudity"	"Severe"	"Mild"	"Moderate"	"Moderate"	"Mild"
"tt5523010"	"The Nutcracker and the Four Realms"	55	39	"Rated PG for some mild peril"	"None"	"Mild"	"Mild"	"None"	"Mild"
"tt5580036"	"I, Tonya"	75	77	"Rated R for pervasive language, violence, and some sexual content/nudity"	"Moderate"	"Moderate"	"Severe"	"Moderate"	"Moderate"
"tt5580266"	"The Hate U Give"	74	81	"Rated PG-13 for mature thematic elements, some violent content, drug material and language"	"Mild"	"Moderate"	"Moderate"	"Mild"	"Severe"
"tt5580390"	"The Shape of Water"	73	87	"Rated R for sexual content, graphic nudity, violence and language"	"Severe"	"Severe"	"Moderate"	"Mild"	"Moderate"
"tt5592248"	"The Beguiled"	63	77	"Rated R for some sexuality"	"Mild"	"Mild"	"None"	"Mild"	"Mild"
"tt5607096"	"Juliet, Naked"	66	67	"Rated R for language"	"Mild"	"None"	"Mild"	"Mild"	"None"
"tt5610554"	"Tully"	70	75	"Rated R for language and some sexuality/nudity"	"Moderate"	"None"	"Moderate"	"Mild"	"None"
"tt5613484"	"Mid90s"	74	66	"Rated R for pervasive language, sexual content, drug and alcohol use, some violent behavior/disturbi"	"Moderate"	"Moderate"	"Severe"	"Severe"	"Moderate"
"tt5619332"	"Life of the Party"	56	46	"Rated PG-13 for sexual material, drug content and partying"	"Mild"	"Mild"	"Mild"	"Mild"	"None"
"tt5639354"	"A Fantastic Woman"	72	86	"Rated R for language, sexual content, nudity and a disturbing assault"	"Moderate"	"Moderate"	"Moderate"	"Mild"	"Moderate"
"tt5645932"	"Beautifully Broken"	58	-1	"Rated PG-13 for mature thematic content involving violence and disturbing images, and some drug mate"	"Mild"	"Moderate"	"None"	"Mild"	"Mild"
"tt5649108"	"Thoroughbreds"	67	75	"Rated R for disturbing behavior, bloody images, language, sexual references, and some drug content"	"None"	"Moderate"	"Moderate"	"Mild"	"Moderate"
"tt5649144"	"The Florida Project"	76	92	"Rated R for language throughout, disturbing behavior, sexual references and some drug material."	"Moderate"	"Mild"	"Severe"	"Severe"	"Moderate"
"tt5655222"	"The Hero"	65	61	"Rated R for drug use, language and some sexual content"	"Mild"	"Moderate"	"Severe"	"Severe"	"Moderate"
"tt5657846"	"Daddy's Home 2"	60	30	"Rated PG-13 for suggestive material and some language"	"Moderate"	"Mild"	"Mild"	"Mild"	"None"
"tt5664636"	"Goosebumps 2: Haunted Halloween"	56	53	"Rated PG for scary creature action and images, some thematic elements, rude humor and language"	"None"	"Mild"	"Mild"	"None"	"Mild"
"tt5666304"	"The Little Hours"	58	69	"Rated R for graphic nudity, sexual content and language"	"Moderate"	"Mild"	"Severe"	"Mild"	"Mild"
"tt5670152"	"Traffik"	60	37	"Rated R for violent and disturbing material, language throughout, some drug use and sexual content"	"Moderate"	"Moderate"	"Severe"	"Moderate"	"Moderate"
"tt5686062"	"Boundaries"	50	50	"Rated R for drug material, language, some sexual references and nude sketches"	"Mild"	"None"	"Moderate"	"Severe"	"None"
"tt5688932"	"Sorry to Bother You"	69	80	"Rated R for pervasive language, some strong sexual content, graphic nudity, and drug use"	"Severe"	"Moderate"	"Severe"	"Moderate"	"Moderate"
"tt5690360"	"Slender Man"	32	30	"Rated PG-13 for disturbing images, sequences of terror, thematic elements and language including som"	"Mild"	"Moderate"	"Mild"	"Mild"	"Moderate"
"tt5691024"	"Show Dogs"	36	31	"Rated PG for suggestive and rude humor, language and some action."	"Moderate"	"Mild"	"Mild"	"Mild"	"Mild"
"tt5702446"	"God Bless the Broken Road"	54	31	"Rated PG for thematic elements and some combat action"	"None"	"None"	"None"	"None"	"Mild"
"tt5709188"	"A-X-L"	52	29	"Rated PG for sci-fi action/peril, suggestive material, thematic elements and some language"	"Mild"	"Mild"	"Mild"	"Mild"	"Mild"
"tt5719700"	"Home Again"	58	41	"Rated PG-13 for some thematic and sexual material"	"Mild"	"Mild"	"Mild"	"Mild"	"None"
"tt5719748"	"Cold Pursuit"	62	57	"Rated R for strong violence, drug material, and some language including sexual references"	"Mild"	"Moderate"	"Moderate"	"Moderate"	"Moderate"
"tt5721088"	"Just Getting Started"	44	21	"Rated PG-13 for language, suggestive material and brief violence"	"Moderate"	"Moderate"	"Moderate"	"Moderate"	"None"
"tt5726086"	"Insidious: The Last Key"	57	49	"Rated PG-13 for disturbing thematic content, violence and terror, and brief strong language"	"None"	"Moderate"	"Mild"	"Mild"	"Severe"
"tt5734576"	"The Possession of Hannah Grace"	52	37	"Rated R for gruesome images and terror throughout"	"Mild"	"Severe"	"None"	"Mild"	"Severe"
"tt5737862"	"Landline"	64	66	"Rated R for sexual content, language and drug use"	"Moderate"	"None"	"Severe"	"Severe"	"Mild"
"tt5742374"	"You Were Never Really Here"	68	84	"R for strong violence, disturbing and grisly images, language, and brief nudity"	"Moderate"	"Severe"	"Moderate"	"Mild"	"Moderate"
"tt5758778"	"Skyscraper"	58	51	"Rated PG-13 for sequences of gun violence and action, and for brief strong language"	"None"	"Moderate"	"Moderate"	"Mild"	"Moderate"
"tt5770620"	"The Lovers"	61	76	"Rated R for sexuality and language"	"Moderate"	"None"	"Mild"	"Mild"	"None"
"tt5776858"	"Phantom Thread"	75	90	"Rated R for language"	"Mild"	"None"	"Moderate"	"Mild"	"Mild"
"tt5779372"	"An Interview with God"	57	-1	"None"	"None"	"None"	"None"	"None"	"None"
"tt5804314"	"Let There Be Light"	47	-1	"Rated PG-13 for some thematic material including alcohol and drug issues"	"Mild"	"Mild"	"Mild"	"Mild"	"Mild"
"tt5805752"	"Brigsby Bear"	73	68	"Rated PG-13 for thematic elements, brief sexuality, drug material and teen partying"	"Mild"	"None"	"Mild"	"Mild"	"None"
"tt5814060"	"The Nun"	53	46	"Rated R for terror, violence, and disturbing/bloody images"	"None"	"Severe"	"Mild"	"None"	"Severe"
"tt5816682"	"Victoria & Abdul"	68	58	"Rated PG-13 for some thematic elements and language"	"None"	"Mild"	"Mild"	"None"	"Mild"
"tt5822564"	"The Kitchen"	52	35	"Rated R for violence, language throughout and some sexual content"	"Mild"	"Moderate"	"Severe"	"Mild"	"Moderate"
"tt5825380"	"Wonder Wheel"	62	45	"Rated PG-13 for thematic content including some sexuality, language and smoking"	"Moderate"	"Mild"	"Mild"	"Mild"	"Mild"
"tt5834262"	"Hotel Artemis"	61	58	"Rated R for violence and language throughout, some sexual references, and brief drug use"	"None"	"Moderate"	"Severe"	"Moderate"	"Mild"
"tt5848272"	"Ralph Breaks the Internet"	71	71	"Rated PG for some action and rude humor"	"None"	"Mild"	"None"	"None"	"Mild"
"tt5859238"	"Lucky"	73	80	"None"	"None"	"None"	"Moderate"	"Mild"	"None"
"tt5884052"	"Pok√©mon Detective Pikachu"	67	53	"Rated PG for action/peril, some rude and suggestive humor, and thematic elements."	"None"	"Mild"	"Mild"	"Mild"	"Mild"
"tt5884230"	"Brad's Status"	65	71	"Rated R for language"	"Mild"	"None"	"Moderate"	"Mild"	"None"
"tt5886046"	"Escape Room"	63	48	"Rated PG-13 for terror/perilous action, violence, some suggestive material and language"	"None"	"Moderate"	"Mild"	"Mild"	"Moderate"
"tt5929750"	"Beatriz at Dinner"	60	68	"Rated R for language and a scene of violence"	"Mild"	"Moderate"	"Moderate"	"Mild"	"Moderate"
"tt5929754"	"Wildlife"	69	80	"Rated PG-13 for thematic material including a sexual situation, brief strong language, and smoking"	"Mild"	"Mild"	"Mild"	"Mild"	"Mild"
"tt5941692"	"Miss Bala"	57	41	"Rated PG-13 for sequences of gun violence, sexual and drug content, thematic material, and language"	"Mild"	"Moderate"	"Moderate"	"Moderate"	"Moderate"
"tt5952138"	"We Have Always Lived in the Castle"	56	63	"None"	"None"	"Mild"	"Mild"	"Mild"	"Mild"
"tt5960374"	"Vox Lux"	60	67	"Rated R for language, some strong violence, and drug content"	"Mild"	"Severe"	"Moderate"	"Severe"	"Severe"
"tt5962210"	"Ingrid Goes West"	66	71	"Rated R for language throughout, drug use, some sexual content and disturbing behavior"	"Moderate"	"Mild"	"Moderate"	"Moderate"	"Mild"
"tt5968394"	"Captive State"	60	54	"Rated PG-13 for sci-fi violence and action, some sexual content, brief language and drug material"	"Mild"	"Moderate"	"Moderate"	"Mild"	"Moderate"
"tt5977276"	"The Aftermath"	63	43	"Rated R for sexual content/nudity, and violence including some disturbing images"	"Moderate"	"Moderate"	"Mild"	"None"	"None"
"tt5989218"	"Life Itself"	67	21	"Rated R for language including sexual references, some violent images and brief drug use"	"Mild"	"Moderate"	"Severe"	"Mild"	"Moderate"
"tt5990474"	"Columbus"	72	89	"None"	"Mild"	"None"	"Moderate"	"Moderate"	"None"
"tt6000478"	"Roman J. Israel, Esq."	64	58	"Rated PG-13 for language and some violence"	"None"	"Mild"	"Moderate"	"Mild"	"Mild"
"tt6003368"	"Diary of a Wimpy Kid: The Long Haul"	43	39	"Rated PG for some rude humor"	"Mild"	"Mild"	"Mild"	"None"	"Mild"
"tt6017942"	"Kin"	58	35	"Rated PG-13 for gun violence and intense action, suggestive material, language, thematic elements an"	"Mild"	"Moderate"	"Moderate"	"Moderate"	"Moderate"
"tt6018306"	"Last Flag Flying"	69	65	"None"	"None"	"None"	"Severe"	"Mild"	"None"
"tt6040662"	"The Children Act"	67	62	"Rated R for a sexual reference"	"None"	"None"	"Mild"	"Mild"	"Mild"
"tt6053438"	"First Reformed"	71	85	"Rated R for some disturbing violent images"	"None"	"Moderate"	"Mild"	"Moderate"	"Moderate"
"tt6054650"	"A Question of Faith"	56	-1	"Rated PG for thematic elements"	"None"	"None"	"None"	"None"	"None"
"tt6063050"	"Tyler Perry's Acrimony"	58	32	"Rated R for language, sexual content and some violence"	"Mild"	"Moderate"	"Severe"	"Mild"	"Moderate"
"tt6095472"	"The Angry Birds Movie 2"	64	60	"Rated PG for rude humor and action"	"None"	"Mild"	"Mild"	"None"	"Mild"
"tt6105098"	"The Lion King"	70	55	"Rated PG for sequences of violence and peril, and some thematic elements"	"None"	"Mild"	"None"	"None"	"Moderate"
"tt6107548"	"Late Night"	65	70	"Rated R for language throughout and some sexual references"	"None"	"None"	"Moderate"	"Mild"	"None"
"tt6108178"	"Disobedience"	66	74	"Rated R for some strong sexuality"	"Severe"	"None"	"Mild"	"Mild"	"None"
"tt6113488"	"The Case for Christ"	62	50	"Rated PG for thematic elements including medical descriptions of crucifixion, and incidental smoking"	"None"	"Mild"	"Mild"	"Mild"	"Mild"
"tt6133130"	"Professor Marston & the Wonder Women"	71	68	"R for strong sexual content including brief graphic images, and language."	"Moderate"	"None"	"Mild"	"Mild"	"None"
"tt6133466"	"The First Purge"	51	54	"Rated R for strong disturbing violence throughout, pervasive language, some sexuality and drug use"	"Mild"	"Severe"	"Severe"	"Moderate"	"Moderate"
"tt6139732"	"Aladdin"	71	53	"Rated PG for some action/peril"	"None"	"Mild"	"None"	"None"	"Mild"
"tt6146586"	"John Wick: Chapter 3 - Parabellum"	76	73	"Rated R for pervasive strong violence, and some language"	"None"	"Severe"	"Moderate"	"Mild"	"Severe"
"tt6170804"	"The Assassin's Code"	50	-1	"None"	"None"	"None"	"None"	"None"	"None"
"tt6182908"	"Smallfoot"	66	60	"Rated PG for some action, rude humor, and thematic elements"	"None"	"Mild"	"None"	"None"	"Mild"
"tt6189022"	"Angel Has Fallen"	64	45	"Rated R for violence and language throughout."	"None"	"Severe"	"Severe"	"Mild"	"Moderate"
"tt6205872"	"Assassination Nation"	59	56	"Rated R for disturbing bloody violence, strong sexual material including menace, pervasive language,"	"Moderate"	"Severe"	"Severe"	"Moderate"	"Severe"
"tt6212478"	"American Animals"	70	68	"Rated R for language throughout, some drug use and brief crude/sexual material"	"Mild"	"Mild"	"Severe"	"Moderate"	"Mild"
"tt6217608"	"The Rider"	74	92	"Rated R for language and drug use"	"None"	"Mild"	"Moderate"	"Moderate"	"Mild"
"tt6217804"	"Boo 2! A Madea Halloween"	37	17	"PG-13 for sexual references, drug content, language and some horror images"	"Mild"	"Mild"	"Moderate"	"Moderate"	"Mild"
"tt6257174"	"The Miseducation of Cameron Post"	66	69	"None"	"Moderate"	"Moderate"	"Mild"	"Mild"	"Mild"
"tt6261048"	"Love, Kennedy"	64	-1	"Rated PG for thematic elements"	"None"	"None"	"None"	"None"	"None"
"tt6265828"	"A Ghost Story"	68	84	"Rated R for brief language and a disturbing image"	"Mild"	"Mild"	"Mild"	"Mild"	"Mild"
"tt6266538"	"Vice"	72	61	"Rated R for language and some violent images"	"Mild"	"Moderate"	"Moderate"	"Mild"	"Moderate"
"tt6288124"	"Don't Worry, He Won't Get Far on Foot"	69	67	"Rated R for language throughout, sexual content, some nudity and alcohol abuse"	"Moderate"	"Mild"	"Moderate"	"Moderate"	"Mild"
"tt6288250"	"Patti Cake$"	68	67	"Rated R for language throughout, crude sexual references, some drug use and a brief nude image"	"Moderate"	"None"	"Severe"	"None"	"Mild"
"tt6294822"	"The Post"	72	83	"Rated PG-13 for language and brief war violence"	"None"	"Mild"	"Moderate"	"Mild"	"Mild"
"tt6303866"	"Beach Rats"	64	78	"Rated R for strong sexual content, graphic nudity, drug use and language"	"Severe"	"Mild"	"Moderate"	"Severe"	"Mild"
"tt6306064"	"Adrift"	66	56	"Rated PG-13 for injury images, peril, language, brief drug use, partial nudity and thematic elements"	"Mild"	"Mild"	"Mild"	"Mild"	"Moderate"
"tt6320628"	"Spider-Man: Far from Home"	76	69	"Rated PG-13 for sci-fi action violence, some language and brief suggestive comments"	"None"	"Moderate"	"Mild"	"None"	"Moderate"
"tt6324278"	"Abominable"	70	61	"Rated PG for some action and mild rude humor"	"None"	"Mild"	"None"	"None"	"Mild"
"tt6333086"	"Menashe"	65	81	"Rated PG for thematic elements"	"None"	"None"	"None"	"Mild"	"None"
"tt6343058"	"Oh Lucy!"	68	69	"None"	"Moderate"	"Moderate"	"Mild"	"Moderate"	"Moderate"
"tt6343314"	"Creed II"	72	66	"Rated PG-13 for sports action violence, language, and a scene of sensuality"	"Mild"	"Moderate"	"Mild"	"Mild"	"Moderate"
"tt6348138"	"Missing Link"	67	68	"Rated PG for action/peril and some mild rude humor"	"None"	"Mild"	"Mild"	"Mild"	"Mild"
"tt6359956"	"A Bad Moms Christmas"	55	42	"Rated R for crude sexual  content and language throughout, and some drug use"	"Moderate"	"None"	"Severe"	"Moderate"	"None"
"tt6398184"	"Downton Abbey"	76	64	"Rated PG for thematic elements, some suggestive material, and language"	"Mild"	"None"	"None"	"Mild"	"Mild"
"tt6421110"	"Proud Mary"	49	35	"Rated R for violence"	"Mild"	"Moderate"	"Moderate"	"Mild"	"Mild"
"tt6423362"	"The Sun Is Also a Star"	57	52	"Rated PG-13 for some suggestive content and language"	"None"	"Mild"	"Mild"	"None"	"Mild"
"tt6428676"	"Wonder Park"	58	45	"Rated PG for some mild thematic elements and action"	"None"	"Mild"	"None"	"None"	"Mild"
"tt6450186"	"I Can Only Imagine"	73	30	"Rated PG for thematic elements including some violence"	"None"	"Mild"	"None"	"None"	"Mild"
"tt6472976"	"Five Feet Apart"	72	53	"Rated PG-13 for thematic elements, language and suggestive material"	"Mild"	"None"	"Mild"	"Mild"	"Mild"
"tt6476140"	"Serenity"	53	37	"Rated R for language throughout, sexual content, and some bloody images"	"Moderate"	"Mild"	"Moderate"	"Mild"	"Mild"
"tt6483364"	"Teen Spirit"	62	57	"Rated PG-13 for some suggestive content, and for teen drinking and smoking"	"Mild"	"None"	"Severe"	"Moderate"	"Mild"
"tt6495094"	"Little Women"	50	40	"Rated PG-13 for some thematic elements and teen drinking"	"Mild"	"Mild"	"None"	"Mild"	"None"
"tt6495388"	"Like Arrows"	63	-1	"None"	"None"	"None"	"None"	"None"	"None"
"tt6495770"	"Action Point"	51	36	"Rated R for crude sexual content, language, drug use, teen drinking, and brief graphic nudity"	"Moderate"	"Mild"	"Severe"	"Moderate"	"None"
"tt6511932"	"The Beach Bum"	55	55	"Rated R for pervasive drug and alcohol use, language throughout, nudity and some strong sexual conte"	"Severe"	"Mild"	"Severe"	"Severe"	"Mild"
"tt6512428"	"Indivisible"	56	53	"Rated PG-13 for some thematic material and war violence"	"None"	"Moderate"	"None"	"None"	"Mild"
"tt6513120"	"Fighting with My Family"	71	68	"Rated PG-13 for crude and sexual material, language throughout, some violence and drug content"	"Mild"	"Mild"	"Mild"	"Mild"	"None"
"tt6565702"	"Dark Phoenix"	58	43	"Rated PG-13 for intense sequences of sci-fi violence and action including some gunplay, disturbing i"	"None"	"Moderate"	"Moderate"	"Mild"	"Moderate"
"tt6574272"	"Phoenix Forgotten"	52	33	"Rated PG-13 for terror, peril and some language"	"None"	"None"	"Mild"	"None"	"None"
"tt6628394"	"Bad Times at the El Royale"	71	60	"Rated R for strong violence, language, some drug content and brief nudity"	"Mild"	"Severe"	"Moderate"	"Moderate"	"Moderate"
"tt6644200"	"A Quiet Place"	75	82	"Rated PG-13 for terror and some bloody images"	"None"	"Moderate"	"None"	"None"	"Severe"
"tt6652708"	"God's Not Dead: A Light in Darkness"	44	33	"Rated PG for thematic elements including some violence and suggestive material"	"None"	"Mild"	"None"	"None"	"None"
"tt6663582"	"The Spy Who Dumped Me"	60	52	"Rated R for violence, language throughout, some crude sexual material and graphic nudity"	"Moderate"	"Moderate"	"Severe"	"Mild"	"Mild"
"tt6705860"	"Diane"	66	86	"None"	"None"	"Mild"	"Moderate"	"Moderate"	"Mild"
"tt6722030"	"The Intruder"	55	39	"Rated PG-13 for violence, terror, some sexuality, language and thematic elements"	"Mild"	"Moderate"	"Moderate"	"Mild"	"Moderate"
"tt6772950"	"Blumhouse's Truth or Dare"	51	35	"Rated PG-13 for violence and disturbing content, alcohol abuse, some sexuality, language and themati"	"Moderate"	"Moderate"	"Moderate"	"Moderate"	"Moderate"
"tt6781982"	"Night School"	56	43	"Rated PG - 13 for crude and sexual content  throughout, language, some drug references and violence"	"Mild"	"None"	"Moderate"	"Mild"	"None"
"tt6791096"	"I Feel Pretty"	55	48	"Rated PG-13 for sexual content, some partial nudity, and language"	"Moderate"	"None"	"Moderate"	"Mild"	"None"
"tt6802308"	"The 15:17 to Paris"	52	45	"Rated PG-13 on appeal for bloody images, violence, some suggestive material, drug references and lan"	"Mild"	"Moderate"	"Moderate"	"Mild"	"Moderate"
"tt6803212"	"Don't Let Go"	60	49	"Rated R for violence, bloody images, and language"	"None"	"Severe"	"Moderate"	"Mild"	"Moderate"
"tt6806448"	"Fast & Furious Presents: Hobbs & Shaw"	65	60	"None"	"Mild"	"Moderate"	"Moderate"	"Mild"	"Moderate"
"tt6811018"	"The Kid Who Would Be King"	60	66	"Rated PG for fantasy action violence, scary images, thematic elements including some bullying, and l"	"None"	"Mild"	"Mild"	"None"	"Mild"
"tt6823368"	"Glass"	67	43	"Rated PG-13 for violence including some bloody images, thematic elements, and language"	"None"	"Moderate"	"Mild"	"Mild"	"Moderate"
"tt6848602"	"Til Death Do Us Part"	45	-1	"Rated PG-13 for thematic elements involving domestic abuse, violence, some sexuality and language"	"Mild"	"Severe"	"None"	"Mild"	"Moderate"
"tt6850820"	"Peppermint"	65	29	"Rated R for strong violence and language throughout"	"None"	"Severe"	"Moderate"	"Moderate"	"Severe"
"tt6857112"	"Us"	69	81	"Rated R for violence/terror, and language."	"None"	"Severe"	"Moderate"	"Mild"	"Severe"
"tt6857166"	"Book Club"	61	53	"Rated PG-13 for sex-related material throughout, and for language."	"Moderate"	"None"	"Mild"	"Mild"	"None"
"tt6902696"	"Gloria Bell"	63	79	"Rated R for sexuality, nudity, language and some drug use"	"Moderate"	"Mild"	"Moderate"	"Moderate"	"None"
"tt6911608"	"Mamma Mia! Here We Go Again"	67	60	"Rated PG-13 for some suggestive material"	"Mild"	"None"	"None"	"Mild"	"None"
"tt6920356"	"The Souvenir"	65	92	"Rated R for some sexuality, graphic nudity, drug material and language"	"Moderate"	"Mild"	"Moderate"	"Moderate"	"Mild"
"tt6921996"	"Johnny English Strikes Again"	62	39	"Rated PG for some action violence, rude humor, language and brief nudity"	"Mild"	"Mild"	"Mild"	"Mild"	"None"
"tt6933454"	"Puzzle"	67	66	"Rated R for language"	"Mild"	"None"	"Moderate"	"Mild"	"None"
"tt6938828"	"At Eternity's Gate"	69	76	"Rated PG-13 for some thematic content"	"None"	"None"	"Mild"	"Mild"	"None"
"tt6951892"	"Samson"	44	17	"Rated PG-13 for violence and battle sequences"	"None"	"Mild"	"None"	"None"	"Mild"
"tt6957966"	"Little Italy"	57	28	"Rated R for some sexual references"	"Mild"	"None"	"Mild"	"Mild"	"None"
"tt6966692"	"Green Book"	82	69	"Rated PG-13 for thematic content, language including racial epithets, smoking, some violence and sug"	"Mild"	"Mild"	"Moderate"	"Moderate"	"Mild"
"tt6998518"	"Mandy"	66	81	"None"	"Moderate"	"Severe"	"Moderate"	"Severe"	"Severe"
"tt7008872"	"Boy Erased"	69	69	"Rated R for sexual content including an assault, some language and brief drug use"	"Moderate"	"Mild"	"Mild"	"Mild"	"Moderate"
"tt7014006"	"Eighth Grade"	74	89	"Rated R for language and some sexual material"	"Mild"	"None"	"Mild"	"None"	"Mild"
"tt7026672"	"Every Day"	64	52	"Rated PG-13 for thematic content, language, teen drinking, and suggestive material"	"Mild"	"None"	"Mild"	"Mild"	"None"
"tt7040874"	"A Simple Favor"	68	67	"Rated R for sexual content and language throughout, some graphic nude images, drug use and violence"	"Moderate"	"Mild"	"Moderate"	"Mild"	"Mild"
"tt7048622"	"The Insult"	77	72	"Rated R for language and some violent images"	"None"	"Moderate"	"Moderate"	"Mild"	"Mild"
"tt7054636"	"Tyler Perry's A Madea Family Funeral"	43	39	"Rated PG-13 for crude sexual content, language, and drug references throughout"	"Severe"	"Mild"	"Severe"	"Moderate"	"None"
"tt7074886"	"The Front Runner"	61	61	"Rated R for language including some sexual references"	"Mild"	"None"	"Moderate"	"Mild"	"None"
"tt7083526"	"Breakthrough"	62	46	"Rated PG for thematic content including peril"	"None"	"Mild"	"Mild"	"None"	"Mild"
"tt7125860"	"If Beale Street Could Talk"	72	87	"Rated R for language and some sexual content"	"Moderate"	"Mild"	"Moderate"	"Mild"	"Mild"
"tt7131622"	"Once Upon a Time ... in Hollywood"	79	83	"Rated R for language throughout, some strong graphic violence, drug use, and sexual references"	"Mild"	"Severe"	"Severe"	"Moderate"	"Moderate"
"tt7137380"	"Destroyer"	62	62	"Rated R for language throughout, violence, some sexual content and brief drug use"	"Moderate"	"Moderate"	"Severe"	"Moderate"	"Moderate"
"tt7137846"	"Breaking In"	54	42	"Rated PG-13 for violence, menace, bloody images, sexual references, and brief strong language"	"None"	"Moderate"	"Moderate"	"None"	"Moderate"
"tt7153766"	"Unsane"	64	63	"Rated R for disturbing behavior, violence, language, and sex references"	"Mild"	"Moderate"	"Severe"	"Moderate"	"Moderate"
"tt7158430"	"Hearts Beat Loud"	69	65	"Rated PG-13 for some drug references and brief language"	"Mild"	"None"	"Mild"	"Mild"	"None"
"tt7242142"	"Blindspotting"	74	77	"Rated R for language throughout, some brutal violence, sexual references and drug use"	"None"	"Moderate"	"Severe"	"Moderate"	"Moderate"
"tt7284204"	"Summer '03"	54	45	"None"	"Mild"	"None"	"Moderate"	"Mild"	"None"
"tt7286456"	"Joker"	87	59	"Rated R for strong bloody violence, disturbing behavior, language and brief sexual images"	"Mild"	"Severe"	"Moderate"	"Moderate"	"Severe"
"tt7329656"	"47 Meters Down: Uncaged"	50	43	"Rated PG-13 for sequences of intense peril, bloody images, and brief strong language"	"None"	"Moderate"	"Mild"	"None"	"Severe"
"tt7334528"	"Uncle Drew"	57	57	"Rated PG-13 for suggestive material, language and brief nudity"	"Mild"	"Mild"	"Mild"	"Mild"	"None"
"tt7339248"	"The Art of Self-Defense"	67	65	"Rated R for violence, sexual content, graphic nudity and language"	"Moderate"	"Moderate"	"Moderate"	"Mild"	"Moderate"
"tt7339792"	"Unbroken: Path to Redemption"	57	39	"Rated PG-13 for thematic content and related disturbing images"	"None"	"Mild"	"None"	"Moderate"	"Moderate"
"tt7343762"	"Good Boys"	67	60	"Rated R for strong crude sexual content, drug and alcohol material, and language throughout - all in"	"Moderate"	"Mild"	"Severe"	"Severe"	"Mild"
"tt7349662"	"BlacKkKlansman"	75	83	"Rated R for language throughout, including racial epithets, and for disturbing/violent material and "	"Mild"	"Moderate"	"Severe"	"Mild"	"Moderate"
"tt7349950"	"It Chapter Two"	67	58	"Rated R for disturbing violent content and bloody images throughout, pervasive language, and some cr"	"Mild"	"Severe"	"Severe"	"Mild"	"Severe"
"tt7365604"	"Dog Days"	62	47	"Rated PG for rude and suggestive content, and for language"	"Mild"	"None"	"Mild"	"Mild"	"Mild"
"tt7370952"	"Bennett's War"	49	-1	"Rated PG-13 for some language and brief violence"	"None"	"None"	"Mild"	"None"	"None"
"tt7374952"	"El Chicano"	52	46	"Rated R for strong violence and language throughout"	"None"	"Severe"	"Mild"	"Mild"	"None"
"tt7388562"	"Paul, Apostle of Christ"	66	52	"Rated PG-13 for some violent content and disturbing images"	"None"	"Moderate"	"None"	"None"	"Moderate"
"tt7401588"	"Instant Family"	73	57	"Rated PG-13 for thematic elements, sexual material, language and some drug references"	"Mild"	"Mild"	"Moderate"	"Mild"	"None"
"tt7424200"	"Teen Titans GO! to the Movies"	68	69	"Rated PG for action and rude humor"	"None"	"Mild"	"None"	"None"	"None"
"tt7461200"	"The Oath"	53	58	"Rated R for language throughout, violence and some drug use"	"Mild"	"Moderate"	"Severe"	"Mild"	"Moderate"
"tt7545524"	"Ben Is Back"	67	66	"Rated R for language throughout and some drug use"	"None"	"Mild"	"Moderate"	"Severe"	"Moderate"
"tt7547410"	"Dora and the Lost City of Gold"	60	63	"Rated PG for action and some impolite humor"	"Mild"	"Mild"	"Mild"	"Mild"	"Moderate"
"tt7589322"	"Tender Embers"	-10	-1	"None"	"None"	"None"	"None"	"None"	"None"
"tt7616148"	"Luce"	68	72	"Rated R for language throughout, sexual content, nudity and some drug use"	"Moderate"	"Mild"	"Moderate"	"Mild"	"Moderate"
"tt7616798"	"A Dog's Way Home"	67	50	"Rated PG for thematic elements, some peril and language"	"None"	"Mild"	"Mild"	"None"	"Mild"
"tt7634968"	"What Men Want"	51	49	"Rated R for language and sexual content throughout, and some drug material"	"Moderate"	"Mild"	"Severe"	"Severe"	"None"
"tt7668870"	"Searching"	77	71	"Rated PG-13 for thematic content, some drug and sexual references, and for language"	"None"	"Mild"	"Mild"	"Mild"	"Mild"
"tt7681824"	"We the Animals"	69	83	"Rated R for strong sexual content, nudity, language and some underage drug and alcohol use"	"Moderate"	"Mild"	"Moderate"	"Moderate"	"Moderate"
"tt7689906"	"Monsters and Men"	57	68	"Rated R for language"	"Mild"	"Moderate"	"Moderate"	"Mild"	"Moderate"
"tt7690670"	"SuperFly"	51	52	"Rated R for violence and language throughout, strong sexuality, nudity, and drug content"	"Severe"	"Severe"	"Severe"	"Severe"	"Moderate"
"tt7734218"	"Stuber"	62	42	"Rated R for violence and language throughout, some sexual references and brief graphic nudity"	"Moderate"	"Moderate"	"Severe"	"Mild"	"Mild"
"tt7752126"	"Brightburn"	62	44	"Rated R for horror violence/bloody images, and language."	"Mild"	"Severe"	"Moderate"	"Mild"	"Severe"
"tt7778680"	"Photograph"	69	65	"Rated PG-13 for some thematic material"	"None"	"None"	"None"	"None"	"None"
"tt7784604"	"Hereditary"	73	87	"Rated R for horror violence, disturbing images, language, drug use and brief graphic nudity"	"Moderate"	"Severe"	"Moderate"	"Moderate"	"Severe"
"tt7798634"	"Ready or Not"	69	64	"Rated R for violence, bloody images, language throughout, and some drug use"	"None"	"Severe"	"Severe"	"Moderate"	"Moderate"
"tt7935892"	"The Oscar Nominated Short Films 2018: Live Action"	79	-1	"None"	"None"	"None"	"None"	"None"	"None"
"tt7958736"	"Ma"	56	53	"Rated R for violent/disturbing material, language throughout, sexual content, and for teen drug and "	"Moderate"	"Severe"	"Moderate"	"Severe"	"Severe"
"tt7959026"	"The Mule"	70	58	"Rated R for language throughout and brief sexuality/nudity"	"Moderate"	"Mild"	"Moderate"	"Moderate"	"Mild"
"tt7984734"	"The Lighthouse"	83	83	"Rated R for sexual content, nudity, violence, disturbing images, and some language"	"Moderate"	"Severe"	"Moderate"	"Moderate"	"Severe"
"tt7985692"	"After the Wedding"	61	50	"Rated PG-13 for thematic material and some strong language."	"Moderate"	"None"	"Moderate"	"None"	"Moderate"
"tt8085790"	"Little"	54	49	"Rated PG-13 for some suggestive content"	"Mild"	"Mild"	"Mild"	"None"	"None"
"tt8097306"	"Nobody's Fool"	47	39	"Rated R for sexual content and language throughout, and for drug material."	"Moderate"	"Mild"	"Moderate"	"Moderate"	"None"
"tt8155288"	"Happy Death Day 2U"	62	57	"Rated PG-13 for violence, language, sexual material and thematic elements."	"Mild"	"Moderate"	"Moderate"	"Mild"	"Moderate"
"tt8174450"	"The Other Side of Heaven 2: Fire of Faith"	49	-1	"Rated PG-13 for some thematic material including violence."	"None"	"Moderate"	"None"	"None"	"None"
"tt8186318"	"Overcomer"	64	17	"Rated PG for some thematic elements"	"None"	"None"	"None"	"None"	"Mild"
"tt8266310"	"Blinded by the Light"	69	71	"Rated PG-13 for thematic material and language including some ethnic slurs."	"None"	"Mild"	"Mild"	"None"	"Mild"
"tt8267604"	"Capharna√ºm"	84	75	"Rated R for language and some drug material"	"Mild"	"Mild"	"Severe"	"Moderate"	"Moderate"
"tt8350360"	"Annabelle Comes Home"	59	53	"Rated R for horror violence and terror"	"None"	"Moderate"	"Mild"	"None"	"Severe"
"tt8364368"	"Crawl"	62	60	"Rated R for bloody creature violence, and brief language"	"None"	"Severe"	"Moderate"	"None"	"Severe"
"tt8385474"	"A Dog's Journey"	74	43	"Rated PG for thematic content, some peril and rude humor"	"None"	"Mild"	"None"	"Mild"	"Moderate"
"tt8593814"	"BANDSTAND: The Broadway Musical on Screen"	90	-1	"None"	"None"	"None"	"None"	"None"	"None"
"tt8637428"	"The Farewell"	78	89	"Rated PG for thematic material, brief language and some smoking."	"None"	"None"	"Mild"	"Mild"	"None"
"tt8663516"	"Child's Play"	59	48	"Rated R for bloody horror violence, and language throughout"	"Mild"	"Severe"	"Moderate"	"Mild"	"Severe"
"tt8695030"	"The Dead Don't Die"	55	54	"Rated R for zombie violence/gore, and for language"	"Mild"	"Moderate"	"Moderate"	"None"	"Mild"
"tt8769848"	"The Tomorrow Man"	56	49	"Rated PG-13 for brief strong language and some suggestive material"	"Mild"	"None"	"None"	"None"	"None"
"tt8772262"	"Midsommar"	72	72	"Rated R for disturbing ritualistic violence and grisly images, strong sexual content, graphic nudity"	"Severe"	"Severe"	"Moderate"	"Severe"	"Severe"
"tt8820136"	"El Coyote"	59	-1	"Rated R for strong violence, pervasive language, some sexual references, brief nudity and drug use"	"None"	"None"	"None"	"None"	"None"
"tt9019352"	"No Manches Frida 2"	39	-1	"Rated R for sexual content and teen drinking"	"None"	"Mild"	"Moderate"	"Mild"	"Mild"
"tt9024106"	"Unplanned"	58	10	"Rated R for some disturbing/bloody images"	"None"	"Mild"	"None"	"None"	"Moderate"
"tt9075778"	"The Fighting Preacher"	53	-1	"Rated PG for thematic content and some action."	"None"	"None"	"None"	"None"	"None"
"tt9376172"	"The Least of These: The Graham Staines Story"	63	-1	"Rated PG-13 for thematic elements/disturbing images"	"None"	"None"	"None"	"None"	"None"
"tt9896916"	"Pilgrim's Progress"	51	-1	"Rated PG for mild thematic elements, action violence, and scary images"	"None"	"None"	"None"	"None"	"None"
